{
    "Category": "all",
    "Accuracy": 0.7830188679245284,
    "F1": 0.8783068783068783,
    "Recall": 0.9707602339181286,
    "Precision": 0.8019323671497585
}