{
    "Category": "pill",
    "Accuracy": 0.8333333333333334,
    "F1": 0.9078947368421053,
    "Recall": 0.971830985915493,
    "Precision": 0.8518518518518519
}