{
    "Category": "capsule",
    "Accuracy": 0.7272727272727273,
    "F1": 0.8421052631578947,
    "Recall": 0.8888888888888888,
    "Precision": 0.8
}