{
    "Category": "bottle",
    "Accuracy": 0.8809523809523809,
    "F1": 0.9230769230769231,
    "Recall": 0.9375,
    "Precision": 0.9090909090909091
}